date,mean_temp
1979-01-07,8.3
1979-01-14,11.957142857142857
1979-01-21,12.228571428571428
1979-01-28,9.571428571428571
1979-02-04,12.17142857142857
1979-02-11,12.542857142857143
1979-02-18,10.228571428571428
1979-02-25,12.514285714285714
1979-03-04,15.485714285714286
1979-03-11,16.385714285714286
1979-03-18,13.67142857142857
1979-03-25,15.742857142857144
1979-04-01,15.985714285714286
1979-04-08,14.557142857142857
1979-04-15,22.542857142857144
1979-04-22,19.042857142857144
1979-04-29,19.014285714285712
1979-05-06,15.785714285714285
1979-05-13,22.42857142857143
1979-05-20,24.514285714285712
1979-05-27,21.142857142857142
1979-06-03,24.614285714285714
1979-06-10,24.214285714285715
1979-06-17,24.07142857142857
1979-06-24,26.8
1979-07-01,24.914285714285718
1979-07-08,27.842857142857145
1979-07-15,28.114285714285717
1979-07-22,27.157142857142855
1979-07-29,29.185714285714287
1979-08-05,27.7
1979-08-12,28.0
1979-08-19,26.742857142857144
1979-08-26,24.614285714285714
1979-09-02,26.82857142857143
1979-09-09,27.414285714285715
1979-09-16,24.314285714285717
1979-09-23,23.214285714285715
1979-09-30,23.87142857142857
1979-10-07,24.271428571428572
1979-10-14,25.4
1979-10-21,22.314285714285717
1979-10-28,19.87142857142857
1979-11-04,19.65714285714286
1979-11-11,17.614285714285714
1979-11-18,14.414285714285715
1979-11-25,15.485714285714286
1979-12-02,20.728571428571428
1979-12-09,21.228571428571428
1979-12-16,17.57142857142857
1979-12-23,13.442857142857143
1979-12-30,13.1
1980-01-06,12.314285714285713
1980-01-13,12.357142857142858
1980-01-20,11.571428571428571
1980-01-27,13.571428571428573
1980-02-03,15.457142857142857
1980-02-10,17.1
1980-02-17,17.442857142857143
1980-02-24,16.6
1980-03-02,15.5
1980-03-09,15.257142857142856
1980-03-16,15.457142857142857
1980-03-23,12.957142857142857
1980-03-30,18.185714285714283
1980-04-06,18.3
1980-04-13,19.1
1980-04-20,22.65714285714286
1980-04-27,18.67142857142857
1980-05-04,20.2
1980-05-11,19.228571428571428
1980-05-18,25.642857142857142
1980-05-25,23.05714285714286
1980-06-01,22.37142857142857
1980-06-08,27.22857142857143
1980-06-15,26.3
1980-06-22,24.385714285714286
1980-06-29,23.757142857142856
1980-07-06,24.885714285714286
1980-07-13,23.914285714285718
1980-07-20,24.7
1980-07-27,27.62857142857143
1980-08-03,29.02857142857143
1980-08-10,28.428571428571427
1980-08-17,28.514285714285712
1980-08-24,25.957142857142856
1980-08-31,26.914285714285715
1980-09-07,26.314285714285713
1980-09-14,26.142857142857142
1980-09-21,26.97142857142857
1980-09-28,25.014285714285712
1980-10-05,22.37142857142857
1980-10-12,19.37142857142857
1980-10-19,18.114285714285714
1980-10-26,20.62857142857143
1980-11-02,19.128571428571426
1980-11-09,13.571428571428573
1980-11-16,17.771428571428572
1980-11-23,21.55714285714286
1980-11-30,15.242857142857142
1980-12-07,13.514285714285714
1980-12-14,17.314285714285717
1980-12-21,14.742857142857144
1980-12-28,16.52857142857143
1981-01-04,17.614285714285714
1981-01-11,13.542857142857143
1981-01-18,13.228571428571428
1981-01-25,16.92857142857143
1981-02-01,15.0
1981-02-08,16.857142857142858
1981-02-15,12.62857142857143
1981-02-22,11.885714285714286
1981-03-01,13.171428571428573
1981-03-08,17.271428571428572
1981-03-15,20.6
1981-03-22,17.84285714285714
1981-03-29,21.357142857142858
1981-04-05,17.84285714285714
1981-04-12,22.385714285714286
1981-04-19,19.32857142857143
1981-04-26,15.67142857142857
1981-05-03,18.15714285714286
1981-05-10,21.685714285714283
1981-05-17,23.142857142857142
1981-05-24,23.2
1981-05-31,23.185714285714283
1981-06-07,24.685714285714283
1981-06-14,25.44285714285714
1981-06-21,24.0
1981-06-28,23.857142857142858
1981-07-05,24.857142857142858
1981-07-12,29.214285714285715
1981-07-19,26.82857142857143
1981-07-26,26.52857142857143
1981-08-02,27.685714285714287
1981-08-09,28.47142857142857
1981-08-16,28.5
1981-08-23,26.62857142857143
1981-08-30,29.17142857142857
1981-09-06,26.5
1981-09-13,27.142857142857142
1981-09-20,25.82857142857143
1981-09-27,24.757142857142856
1981-10-04,23.05714285714286
1981-10-11,22.014285714285712
1981-10-18,17.3
1981-10-25,17.214285714285715
1981-11-01,19.17142857142857
1981-11-08,18.914285714285715
1981-11-15,17.042857142857144
1981-11-22,19.914285714285718
1981-11-29,16.885714285714286
1981-12-06,15.257142857142856
1981-12-13,8.82857142857143
1981-12-20,10.271428571428572
1981-12-27,9.914285714285715
1982-01-03,16.4
1982-01-10,11.571428571428571
1982-01-17,9.6
1982-01-24,15.471428571428572
1982-01-31,16.257142857142856
1982-02-07,17.442857142857143
1982-02-14,17.17142857142857
1982-02-21,13.4
1982-02-28,13.442857142857143
1982-03-07,17.02857142857143
1982-03-14,16.228571428571428
1982-03-21,16.014285714285712
1982-03-28,18.185714285714283
1982-04-04,18.37142857142857
1982-04-11,19.17142857142857
1982-04-18,18.185714285714283
1982-04-25,20.757142857142856
1982-05-02,20.228571428571428
1982-05-09,17.47142857142857
1982-05-16,24.857142857142858
1982-05-23,24.07142857142857
1982-05-30,24.885714285714286
1982-06-06,31.142857142857142
1982-06-13,27.12857142857143
1982-06-20,25.242857142857144
1982-06-27,25.94285714285714
1982-07-04,25.92857142857143
1982-07-11,29.728571428571428
1982-07-18,28.0
1982-07-25,27.4
1982-08-01,28.61428571428572
1982-08-08,30.37142857142857
1982-08-15,28.6
1982-08-22,26.32857142857143
1982-08-29,24.857142857142858
1982-09-05,26.0
1982-09-12,26.97142857142857
1982-09-19,28.214285714285715
1982-09-26,24.1
1982-10-03,22.9
1982-10-10,21.214285714285715
1982-10-17,19.857142857142858
1982-10-24,20.714285714285715
1982-10-31,21.12857142857143
1982-11-07,22.57142857142857
1982-11-14,20.242857142857144
1982-11-21,18.242857142857144
1982-11-28,16.271428571428572
1982-12-05,14.057142857142857
1982-12-12,14.985714285714286
1982-12-19,14.785714285714285
1982-12-26,14.942857142857143
1983-01-02,15.942857142857143
1983-01-09,18.514285714285712
1983-01-16,17.84285714285714
1983-01-23,14.428571428571429
1983-01-30,18.0
1983-02-06,13.614285714285714
1983-02-13,11.17142857142857
1983-02-20,11.471428571428572
1983-02-27,13.885714285714286
1983-03-06,15.9
1983-03-13,17.52857142857143
1983-03-20,19.142857142857142
1983-03-27,15.7
1983-04-03,15.314285714285713
1983-04-10,17.17142857142857
1983-04-17,17.914285714285715
1983-04-24,17.57142857142857
1983-05-01,21.042857142857144
1983-05-08,22.12857142857143
1983-05-15,20.34285714285714
1983-05-22,21.05714285714286
1983-05-29,21.52857142857143
1983-06-05,26.228571428571428
1983-06-12,26.814285714285713
1983-06-19,24.32857142857143
1983-06-26,27.185714285714287
1983-07-03,26.400000000000002
1983-07-10,31.75714285714286
1983-07-17,34.34285714285714
1983-07-24,30.185714285714287
1983-07-31,32.528571428571425
1983-08-07,26.7
1983-08-14,29.87142857142857
1983-08-21,31.11428571428572
1983-08-28,29.9
1983-09-04,27.214285714285715
1983-09-11,24.814285714285717
1983-09-18,24.32857142857143
1983-09-25,24.5
1983-10-02,26.614285714285714
1983-10-09,24.714285714285715
1983-10-16,22.57142857142857
1983-10-23,19.714285714285715
1983-10-30,17.542857142857144
1983-11-06,21.02857142857143
1983-11-13,21.3
1983-11-20,15.82857142857143
1983-11-27,15.8
1983-12-04,14.728571428571428
1983-12-11,13.87142857142857
1983-12-18,14.657142857142858
1983-12-25,19.4
1984-01-01,17.942857142857143
1984-01-08,15.042857142857143
1984-01-15,16.085714285714285
1984-01-22,13.085714285714285
1984-01-29,14.32857142857143
1984-02-05,16.128571428571426
1984-02-12,16.128571428571426
1984-02-19,11.82857142857143
1984-02-26,13.442857142857143
1984-03-04,14.67142857142857
1984-03-11,16.8
1984-03-18,14.428571428571429
1984-03-25,15.928571428571429
1984-04-01,15.785714285714285
1984-04-08,15.114285714285714
1984-04-15,18.414285714285715
1984-04-22,21.357142857142858
1984-04-29,22.44285714285714
1984-05-06,21.285714285714285
1984-05-13,19.15714285714286
1984-05-20,20.985714285714288
1984-05-27,21.271428571428572
1984-06-03,22.6
1984-06-10,25.042857142857144
1984-06-17,27.442857142857143
1984-06-24,28.071428571428573
1984-07-01,26.071428571428573
1984-07-08,28.47142857142857
1984-07-15,27.428571428571427
1984-07-22,27.985714285714288
1984-07-29,29.7
1984-08-05,29.142857142857142
1984-08-12,26.8
1984-08-19,30.057142857142857
1984-08-26,30.885714285714283
1984-09-02,30.557142857142857
1984-09-09,25.15714285714286
1984-09-16,25.957142857142856
1984-09-23,23.257142857142856
1984-09-30,23.5
1984-10-07,21.0
1984-10-14,23.62857142857143
1984-10-21,22.214285714285715
1984-10-28,20.4
1984-11-04,22.957142857142856
1984-11-11,20.542857142857144
1984-11-18,17.514285714285712
1984-11-25,18.84285714285714
1984-12-02,19.185714285714283
1984-12-09,17.814285714285717
1984-12-16,14.642857142857142
1984-12-23,16.2
1984-12-30,13.12857142857143
1985-01-06,12.1
1985-01-13,8.7
1985-01-20,8.371428571428572
1985-01-27,13.114285714285714
1985-02-03,17.82857142857143
1985-02-10,13.771428571428572
1985-02-17,8.157142857142857
1985-02-24,13.042857142857143
1985-03-03,16.371428571428574
1985-03-10,16.32857142857143
1985-03-17,13.757142857142856
1985-03-24,13.957142857142857
1985-03-31,16.885714285714286
1985-04-07,22.12857142857143
1985-04-14,19.085714285714282
1985-04-21,20.05714285714286
1985-04-28,17.285714285714285
1985-05-05,19.6
1985-05-12,20.55714285714286
1985-05-19,22.97142857142857
1985-05-26,24.228571428571428
1985-06-02,24.24285714285714
1985-06-09,24.185714285714283
1985-06-16,22.9
1985-06-23,24.55714285714286
1985-06-30,24.87142857142857
1985-07-07,28.642857142857142
1985-07-14,28.77142857142857
1985-07-21,25.94285714285714
1985-07-28,29.1
1985-08-04,26.271428571428572
1985-08-11,25.17142857142857
1985-08-18,26.071428571428573
1985-08-25,26.357142857142858
1985-09-01,26.857142857142858
1985-09-08,24.2
1985-09-15,26.071428571428573
1985-09-22,26.728571428571428
1985-09-29,26.885714285714283
1985-10-06,27.614285714285714
1985-10-13,23.414285714285718
1985-10-20,21.785714285714285
1985-10-27,19.82857142857143
1985-11-03,17.3
1985-11-10,19.1
1985-11-17,12.514285714285714
1985-11-24,13.528571428571428
1985-12-01,13.957142857142857
1985-12-08,20.52857142857143
1985-12-15,18.357142857142858
1985-12-22,19.47142857142857
1985-12-29,13.985714285714284
1986-01-05,11.714285714285714
1986-01-12,14.1
1986-01-19,16.314285714285717
1986-01-26,14.428571428571429
1986-02-02,12.357142857142858
1986-02-09,10.0
1986-02-16,9.0
1986-02-23,8.842857142857143
1986-03-02,9.442857142857143
1986-03-09,14.7
1986-03-16,15.914285714285715
1986-03-23,17.685714285714287
1986-03-30,16.957142857142856
1986-04-06,15.371428571428572
1986-04-13,14.271428571428572
1986-04-20,17.714285714285715
1986-04-27,19.62857142857143
1986-05-04,21.114285714285714
1986-05-11,21.94285714285714
1986-05-18,21.6
1986-05-25,22.9
1986-06-01,21.87142857142857
1986-06-08,22.771428571428572
1986-06-15,25.5
1986-06-22,27.32857142857143
1986-06-29,30.25714285714286
1986-07-06,29.457142857142856
1986-07-13,26.857142857142858
1986-07-20,29.214285714285715
1986-07-27,27.014285714285712
1986-08-03,26.97142857142857
1986-08-10,26.928571428571427
1986-08-17,27.428571428571427
1986-08-24,25.114285714285714
1986-08-31,23.34285714285714
1986-09-07,23.8
1986-09-14,21.94285714285714
1986-09-21,21.228571428571428
1986-09-28,23.514285714285712
1986-10-05,24.614285714285714
1986-10-12,25.185714285714283
1986-10-19,21.87142857142857
1986-10-26,19.84285714285714
1986-11-02,20.2
1986-11-09,18.128571428571426
1986-11-16,20.55714285714286
1986-11-23,18.057142857142857
1986-11-30,17.8
1986-12-07,19.857142857142858
1986-12-14,15.871428571428572
1986-12-21,14.685714285714285
1986-12-28,14.028571428571428
1987-01-04,17.271428571428572
1987-01-11,11.071428571428571
1987-01-18,6.514285714285714
1987-01-25,13.314285714285713
1987-02-01,11.67142857142857
1987-02-08,16.87142857142857
1987-02-15,15.128571428571428
1987-02-22,11.771428571428572
1987-03-01,15.885714285714286
1987-03-08,13.228571428571428
1987-03-15,12.657142857142857
1987-03-22,14.928571428571429
1987-03-29,17.885714285714286
1987-04-05,17.685714285714283
1987-04-12,19.042857142857144
1987-04-19,21.32857142857143
1987-04-26,23.228571428571428
1987-05-03,23.142857142857142
1987-05-10,21.37142857142857
1987-05-17,20.228571428571428
1987-05-24,20.685714285714283
1987-05-31,24.84285714285714
1987-06-07,24.185714285714283
1987-06-14,22.5
1987-06-21,23.285714285714285
1987-06-28,26.357142857142858
1987-07-05,29.17142857142857
1987-07-12,29.585714285714285
1987-07-19,27.271428571428572
1987-07-26,25.05714285714286
1987-08-02,27.814285714285713
1987-08-09,25.0
1987-08-16,27.742857142857144
1987-08-23,30.4
1987-08-30,25.514285714285712
1987-09-06,26.97142857142857
1987-09-13,26.057142857142857
1987-09-20,26.685714285714287
1987-09-27,23.414285714285718
1987-10-04,23.3
1987-10-11,21.685714285714283
1987-10-18,21.5
1987-10-25,20.485714285714288
1987-11-01,19.65714285714286
1987-11-08,17.6
1987-11-15,17.542857142857144
1987-11-22,18.614285714285714
1987-11-29,14.142857142857142
1987-12-06,14.728571428571428
1987-12-13,12.371428571428572
1987-12-20,18.0
1987-12-27,17.742857142857144
1988-01-03,20.314285714285717
1988-01-10,17.257142857142856
1988-01-17,14.342857142857143
1988-01-24,14.82857142857143
1988-01-31,15.928571428571429
1988-02-07,15.285714285714285
1988-02-14,14.985714285714288
1988-02-21,17.128571428571426
1988-02-28,14.014285714285714
1988-03-06,12.957142857142857
1988-03-13,17.514285714285712
1988-03-20,18.3
1988-03-27,19.314285714285717
1988-04-03,17.67142857142857
1988-04-10,17.34285714285714
1988-04-17,19.84285714285714
1988-04-24,21.085714285714282
1988-05-01,19.814285714285717
1988-05-08,23.5
1988-05-15,24.5
1988-05-22,22.114285714285714
1988-05-29,24.228571428571428
1988-06-05,23.02857142857143
1988-06-12,23.457142857142856
1988-06-19,26.3
1988-06-26,27.928571428571427
1988-07-03,25.914285714285718
1988-07-10,25.75714285714286
1988-07-17,25.542857142857144
1988-07-24,27.642857142857142
1988-07-31,25.771428571428572
1988-08-07,27.357142857142858
1988-08-14,27.82857142857143
1988-08-21,27.771428571428572
1988-08-28,25.97142857142857
1988-09-04,25.285714285714285
1988-09-11,27.8
1988-09-18,23.8
1988-09-25,23.65714285714286
1988-10-02,22.52857142857143
1988-10-09,22.1
1988-10-16,21.614285714285714
1988-10-23,23.814285714285717
1988-10-30,21.94285714285714
1988-11-06,14.785714285714285
1988-11-13,19.642857142857142
1988-11-20,16.1
1988-11-27,11.928571428571429
1988-12-04,16.285714285714285
1988-12-11,17.257142857142856
1988-12-18,16.942857142857143
1988-12-25,19.228571428571428
1989-01-01,18.67142857142857
1989-01-08,17.585714285714285
1989-01-15,16.84285714285714
1989-01-22,15.057142857142857
1989-01-29,16.242857142857144
1989-02-05,15.157142857142858
1989-02-12,17.82857142857143
1989-02-19,17.15714285714286
1989-02-26,15.271428571428572
1989-03-05,17.32857142857143
1989-03-12,18.52857142857143
1989-03-19,17.014285714285712
1989-03-26,18.142857142857142
1989-04-02,21.857142857142858
1989-04-09,15.571428571428571
1989-04-16,19.92857142857143
1989-04-23,18.228571428571428
1989-04-30,17.085714285714285
1989-05-07,24.757142857142856
1989-05-14,23.014285714285712
1989-05-21,27.32857142857143
1989-05-28,27.8
1989-06-04,21.857142857142858
1989-06-11,23.714285714285715
1989-06-18,31.142857142857142
1989-06-25,29.4
1989-07-02,26.22857142857143
1989-07-09,29.685714285714287
1989-07-16,29.228571428571428
1989-07-23,32.971428571428575
1989-07-30,31.1
1989-08-06,28.071428571428573
1989-08-13,29.65714285714285
1989-08-20,29.142857142857142
1989-08-27,28.357142857142858
1989-09-03,25.542857142857144
1989-09-10,27.67142857142857
1989-09-17,27.15714285714286
1989-09-24,27.62857142857143
1989-10-01,24.771428571428572
1989-10-08,22.685714285714283
1989-10-15,22.9
1989-10-22,24.2
1989-10-29,23.642857142857142
1989-11-05,20.857142857142858
1989-11-12,19.714285714285715
1989-11-19,17.8
1989-11-26,15.17142857142857
1989-12-03,12.67142857142857
1989-12-10,15.442857142857143
1989-12-17,18.385714285714286
1989-12-24,18.914285714285715
1989-12-31,16.214285714285715
1990-01-07,15.957142857142857
1990-01-14,17.257142857142856
1990-01-21,18.0
1990-01-28,17.757142857142856
1990-02-04,17.642857142857142
1990-02-11,18.957142857142856
1990-02-18,16.514285714285712
1990-02-25,20.8
1990-03-04,16.557142857142857
1990-03-11,20.0
1990-03-18,20.5
1990-03-25,19.985714285714288
1990-04-01,18.871428571428574
1990-04-08,16.685714285714283
1990-04-15,18.728571428571428
1990-04-22,18.914285714285715
1990-04-29,21.8
1990-05-06,28.457142857142856
1990-05-13,22.3
1990-05-20,24.07142857142857
1990-05-27,23.385714285714286
1990-06-03,26.15714285714286
1990-06-10,23.085714285714282
1990-06-17,24.228571428571428
1990-06-24,25.37142857142857
1990-07-01,27.928571428571427
1990-07-08,25.957142857142856
1990-07-15,28.857142857142858
1990-07-22,31.77142857142857
1990-07-29,29.12857142857143
1990-08-05,33.64285714285714
1990-08-12,29.714285714285715
1990-08-19,28.0
1990-08-26,30.75714285714286
1990-09-02,29.414285714285715
1990-09-09,25.685714285714283
1990-09-16,26.02857142857143
1990-09-23,23.214285714285715
1990-09-30,23.05714285714286
1990-10-07,23.42857142857143
1990-10-14,24.485714285714288
1990-10-21,25.34285714285714
1990-10-28,21.57142857142857
1990-11-04,18.02857142857143
1990-11-11,17.857142857142858
1990-11-18,22.457142857142856
1990-11-25,15.0
1990-12-02,16.07142857142857
1990-12-09,13.728571428571428
1990-12-16,13.357142857142858
1990-12-23,15.385714285714286
1990-12-30,17.242857142857144
1991-01-06,16.685714285714283
1991-01-13,15.557142857142857
1991-01-20,14.042857142857143
1991-01-27,13.67142857142857
1991-02-03,11.942857142857143
1991-02-10,7.357142857142858
1991-02-17,11.042857142857143
1991-02-24,15.371428571428572
1991-03-03,16.085714285714285
1991-03-10,19.94285714285714
1991-03-17,20.614285714285714
1991-03-24,18.47142857142857
1991-03-31,18.142857142857142
1991-04-07,18.642857142857142
1991-04-14,22.34285714285714
1991-04-21,16.47142857142857
1991-04-28,18.728571428571428
1991-05-05,17.785714285714285
1991-05-12,19.814285714285717
1991-05-19,22.0
1991-05-26,25.57142857142857
1991-06-02,21.985714285714288
1991-06-09,22.32857142857143
1991-06-16,23.92857142857143
1991-06-23,24.02857142857143
1991-06-30,25.3
1991-07-07,29.642857142857142
1991-07-14,28.62857142857143
1991-07-21,27.585714285714285
1991-07-28,28.87142857142857
1991-08-04,29.514285714285712
1991-08-11,29.47142857142857
1991-08-18,28.985714285714288
1991-08-25,28.814285714285717
1991-09-01,29.885714285714283
1991-09-08,28.77142857142857
1991-09-15,27.47142857142857
1991-09-22,25.542857142857144
1991-09-29,23.9
1991-10-06,22.185714285714283
1991-10-13,23.771428571428572
1991-10-20,20.014285714285712
1991-10-27,18.442857142857143
1991-11-03,21.542857142857144
1991-11-10,17.042857142857144
1991-11-17,15.228571428571428
1991-11-24,16.2
1991-12-01,19.42857142857143
1991-12-08,15.242857142857144
1991-12-15,9.485714285714286
1991-12-22,18.228571428571428
1991-12-29,15.8
1992-01-05,18.642857142857142
1992-01-12,16.814285714285713
1992-01-19,13.642857142857142
1992-01-26,11.485714285714286
1992-02-02,12.9
1992-02-09,16.67142857142857
1992-02-16,17.257142857142856
1992-02-23,13.62857142857143
1992-03-01,17.15714285714286
1992-03-08,18.4
1992-03-15,18.47142857142857
1992-03-22,20.5
1992-03-29,16.84285714285714
1992-04-05,16.5
1992-04-12,20.0
1992-04-19,19.414285714285718
1992-04-26,22.314285714285717
1992-05-03,19.985714285714288
1992-05-10,22.042857142857144
1992-05-17,25.07142857142857
1992-05-24,28.74285714285714
1992-05-31,29.1
1992-06-07,25.514285714285712
1992-06-14,28.1
1992-06-21,25.957142857142856
1992-06-28,28.7
1992-07-05,27.985714285714288
1992-07-12,27.057142857142857
1992-07-19,29.485714285714288
1992-07-26,29.12857142857143
1992-08-02,29.52857142857143
1992-08-09,30.12857142857143
1992-08-16,26.585714285714285
1992-08-23,26.8
1992-08-30,26.914285714285715
1992-09-06,23.714285714285715
1992-09-13,24.257142857142856
1992-09-20,25.47142857142857
1992-09-27,25.414285714285718
1992-10-04,24.357142857142858
1992-10-11,21.5
1992-10-18,17.07142857142857
1992-10-25,17.8
1992-11-01,16.67142857142857
1992-11-08,20.642857142857142
1992-11-15,16.97142857142857
1992-11-22,16.67142857142857
1992-11-29,18.92857142857143
1992-12-06,16.9
1992-12-13,15.757142857142856
1992-12-20,16.114285714285714
1992-12-27,12.742857142857144
1993-01-03,10.9
1993-01-10,17.02857142857143
1993-01-17,18.957142857142856
1993-01-24,18.32857142857143
1993-01-31,15.871428571428572
1993-02-07,14.7
1993-02-14,14.571428571428571
1993-02-21,16.271428571428572
1993-02-28,14.014285714285714
1993-03-07,14.557142857142857
1993-03-14,18.642857142857142
1993-03-21,20.042857142857144
1993-03-28,16.214285714285715
1993-04-04,17.585714285714285
1993-04-11,19.228571428571428
1993-04-18,20.37142857142857
1993-04-25,22.685714285714283
1993-05-02,23.32857142857143
1993-05-09,20.82857142857143
1993-05-16,23.357142857142858
1993-05-23,24.44285714285714
1993-05-30,24.97142857142857
1993-06-06,26.228571428571428
1993-06-13,28.6
1993-06-20,25.65714285714286
1993-06-27,26.47142857142857
1993-07-04,29.77142857142857
1993-07-11,25.714285714285715
1993-07-18,26.514285714285712
1993-07-25,26.985714285714288
1993-08-01,27.242857142857144
1993-08-08,27.599999999999998
1993-08-15,27.3
1993-08-22,27.985714285714284
1993-08-29,23.742857142857144
1993-09-05,25.642857142857142
1993-09-12,25.44285714285714
1993-09-19,23.12857142857143
1993-09-26,23.12857142857143
1993-10-03,20.8
1993-10-10,22.714285714285715
1993-10-17,19.685714285714283
1993-10-24,17.4
1993-10-31,19.5
1993-11-07,20.257142857142856
1993-11-14,17.742857142857144
1993-11-21,13.028571428571428
1993-11-28,12.042857142857143
1993-12-05,17.4
1993-12-12,17.128571428571426
1993-12-19,17.242857142857144
1993-12-26,13.814285714285713
1994-01-02,15.014285714285714
1994-01-09,14.414285714285715
1994-01-16,17.24285714285714
1994-01-23,15.799999999999999
1994-01-30,17.485714285714288
1994-02-06,15.685714285714285
1994-02-13,14.385714285714286
1994-02-20,12.62857142857143
1994-02-27,14.271428571428572
1994-03-06,18.142857142857142
1994-03-13,18.757142857142856
1994-03-20,17.742857142857144
1994-03-27,18.957142857142856
1994-04-03,19.214285714285715
1994-04-10,16.914285714285715
1994-04-17,17.242857142857144
1994-04-24,20.0
1994-05-01,24.142857142857142
1994-05-08,21.92857142857143
1994-05-15,24.1
1994-05-22,21.085714285714282
1994-05-29,21.242857142857144
1994-06-05,23.414285714285718
1994-06-12,24.285714285714285
1994-06-19,27.442857142857143
1994-06-26,27.814285714285713
1994-07-03,29.985714285714288
1994-07-10,28.142857142857142
1994-07-17,30.942857142857143
1994-07-24,31.67142857142857
1994-07-31,31.7
1994-08-07,31.6
1994-08-14,27.342857142857145
1994-08-21,27.342857142857145
1994-08-28,28.285714285714285
1994-09-04,26.02857142857143
1994-09-11,24.55714285714286
1994-09-18,22.8
1994-09-25,24.65714285714286
1994-10-02,23.82857142857143
1994-10-09,20.214285714285715
1994-10-16,22.67142857142857
1994-10-23,21.87142857142857
1994-10-30,20.55714285714286
1994-11-06,21.514285714285712
1994-11-13,21.07142857142857
1994-11-20,21.8
1994-11-27,20.92857142857143
1994-12-04,19.014285714285712
1994-12-11,19.085714285714282
1994-12-18,17.371428571428574
1994-12-25,12.4
1995-01-01,18.34285714285714
1995-01-08,13.114285714285714
1995-01-15,15.842857142857143
1995-01-22,17.07142857142857
1995-01-29,16.442857142857143
1995-02-05,17.4
1995-02-12,18.4
1995-02-19,18.114285714285714
1995-02-26,16.314285714285717
1995-03-05,14.985714285714286
1995-03-12,16.8
1995-03-19,16.6
1995-03-26,17.97142857142857
1995-04-02,18.271428571428572
1995-04-09,21.62857142857143
1995-04-16,21.271428571428572
1995-04-23,18.1
1995-04-30,20.34285714285714
1995-05-07,27.685714285714287
1995-05-14,19.985714285714288
1995-05-21,20.357142857142858
1995-05-28,25.642857142857142
1995-06-04,24.5
1995-06-11,23.742857142857144
1995-06-18,23.9
1995-06-25,27.1
1995-07-02,29.77142857142857
1995-07-09,29.6
1995-07-16,30.9
1995-07-23,30.914285714285715
1995-07-30,32.028571428571425
1995-08-06,33.957142857142856
1995-08-13,31.085714285714285
1995-08-20,32.9
1995-08-27,30.714285714285715
1995-09-03,26.271428571428572
1995-09-10,26.342857142857145
1995-09-17,25.52857142857143
1995-09-24,25.014285714285712
1995-10-01,22.642857142857142
1995-10-08,25.44285714285714
1995-10-15,27.1
1995-10-22,22.814285714285717
1995-10-29,22.485714285714288
1995-11-05,18.257142857142856
1995-11-12,19.514285714285712
1995-11-19,17.985714285714288
1995-11-26,18.942857142857143
1995-12-03,19.142857142857142
1995-12-10,11.814285714285715
1995-12-17,14.185714285714285
1995-12-24,15.3
1995-12-31,9.457142857142857
1996-01-07,16.042857142857144
1996-01-14,19.47142857142857
1996-01-21,15.614285714285714
1996-01-28,10.928571428571429
1996-02-04,11.714285714285714
1996-02-11,12.32857142857143
1996-02-18,15.2
1996-02-25,12.785714285714285
1996-03-03,15.228571428571428
1996-03-10,15.485714285714286
1996-03-17,13.471428571428572
1996-03-24,17.1
1996-03-31,15.100000000000001
1996-04-07,15.600000000000001
1996-04-14,18.92857142857143
1996-04-21,23.314285714285717
1996-04-28,21.957142857142856
1996-05-05,18.542857142857144
1996-05-12,18.7
1996-05-19,18.785714285714285
1996-05-26,22.07142857142857
1996-06-02,24.957142857142856
1996-06-09,29.11428571428572
1996-06-16,26.9
1996-06-23,25.52857142857143
1996-06-30,27.400000000000002
1996-07-07,25.285714285714285
1996-07-14,28.8
1996-07-21,29.25714285714286
1996-07-28,30.642857142857142
1996-08-04,28.857142857142858
1996-08-11,28.957142857142856
1996-08-18,29.61428571428572
1996-08-25,29.2
1996-09-01,25.228571428571428
1996-09-08,27.3
1996-09-15,24.42857142857143
1996-09-22,23.67142857142857
1996-09-29,24.457142857142856
1996-10-06,22.02857142857143
1996-10-13,23.34285714285714
1996-10-20,22.65714285714286
1996-10-27,24.02857142857143
1996-11-03,22.485714285714288
1996-11-10,19.7
1996-11-17,14.528571428571428
1996-11-24,13.4
1996-12-01,15.657142857142858
1996-12-08,15.357142857142858
1996-12-15,13.4
1996-12-22,16.34285714285714
1996-12-29,10.957142857142857
1997-01-05,8.714285714285714
1997-01-12,11.0
1997-01-19,14.314285714285713
1997-01-26,15.4
1997-02-02,14.600000000000001
1997-02-09,15.714285714285715
1997-02-16,16.97142857142857
1997-02-23,18.957142857142856
1997-03-02,19.014285714285712
1997-03-09,18.857142857142858
1997-03-16,20.914285714285718
1997-03-23,19.44285714285714
1997-03-30,18.97142857142857
1997-04-06,20.585714285714282
1997-04-13,20.67142857142857
1997-04-20,18.814285714285717
1997-04-27,20.17142857142857
1997-05-04,25.785714285714285
1997-05-11,20.05714285714286
1997-05-18,24.97142857142857
1997-05-25,22.314285714285717
1997-06-01,25.41428571428571
1997-06-08,28.27142857142857
1997-06-15,27.657142857142855
1997-06-22,24.985714285714288
1997-06-29,24.257142857142856
1997-07-06,25.400000000000002
1997-07-13,29.87142857142857
1997-07-20,28.62857142857143
1997-07-27,29.942857142857143
1997-08-03,29.085714285714285
1997-08-10,31.985714285714288
1997-08-17,32.84285714285714
1997-08-24,33.24285714285714
1997-08-31,27.857142857142858
1997-09-07,27.242857142857144
1997-09-14,25.228571428571428
1997-09-21,26.242857142857144
1997-09-28,26.071428571428573
1997-10-05,26.771428571428572
1997-10-12,23.985714285714288
1997-10-19,22.885714285714286
1997-10-26,19.142857142857142
1997-11-02,15.7
1997-11-09,20.3
1997-11-16,18.442857142857143
1997-11-23,20.37142857142857
1997-11-30,19.271428571428572
1997-12-07,14.442857142857143
1997-12-14,19.242857142857144
1997-12-21,15.642857142857142
1997-12-28,18.02857142857143
1998-01-04,17.371428571428574
1998-01-11,18.357142857142858
1998-01-18,18.457142857142856
1998-01-25,13.557142857142857
1998-02-01,13.414285714285715
1998-02-08,14.642857142857142
1998-02-15,20.385714285714286
1998-02-22,18.914285714285715
1998-03-01,17.2
1998-03-08,19.728571428571428
1998-03-15,16.34285714285714
1998-03-22,19.285714285714285
1998-03-29,19.814285714285717
1998-04-05,21.185714285714283
1998-04-12,17.714285714285715
1998-04-19,15.600000000000001
1998-04-26,22.242857142857144
1998-05-03,20.42857142857143
1998-05-10,24.214285714285715
1998-05-17,27.485714285714288
1998-05-24,25.642857142857142
1998-05-31,24.05714285714286
1998-06-07,25.742857142857144
1998-06-14,23.82857142857143
1998-06-21,27.342857142857145
1998-06-28,26.95714285714286
1998-07-05,25.67142857142857
1998-07-12,27.114285714285714
1998-07-19,26.928571428571427
1998-07-26,28.114285714285717
1998-08-02,27.6
1998-08-09,29.428571428571427
1998-08-16,29.942857142857143
1998-08-23,27.7
1998-08-30,25.828571428571433
1998-09-06,27.985714285714288
1998-09-13,26.114285714285714
1998-09-20,25.214285714285715
1998-09-27,27.342857142857145
1998-10-04,23.52857142857143
1998-10-11,21.67142857142857
1998-10-18,21.957142857142856
1998-10-25,22.414285714285718
1998-11-01,19.8
1998-11-08,18.442857142857143
1998-11-15,18.214285714285715
1998-11-22,13.514285714285714
1998-11-29,16.085714285714285
1998-12-06,12.771428571428572
1998-12-13,18.485714285714288
1998-12-20,18.614285714285714
1998-12-27,16.114285714285714
1999-01-03,18.42857142857143
1999-01-10,17.3
1999-01-17,15.214285714285715
1999-01-24,16.700000000000003
1999-01-31,16.17142857142857
1999-02-07,17.371428571428574
1999-02-14,11.985714285714286
1999-02-21,17.67142857142857
1999-02-28,16.17142857142857
1999-03-07,17.32857142857143
1999-03-14,17.07142857142857
1999-03-21,19.37142857142857
1999-03-28,19.014285714285712
1999-04-04,22.7
1999-04-11,21.57142857142857
1999-04-18,16.728571428571428
1999-04-25,20.32857142857143
1999-05-02,23.67142857142857
1999-05-09,24.185714285714283
1999-05-16,23.885714285714286
1999-05-23,24.32857142857143
1999-05-30,26.285714285714285
1999-06-06,24.957142857142856
1999-06-13,23.771428571428572
1999-06-20,27.414285714285715
1999-06-27,26.257142857142856
1999-07-04,27.47142857142857
1999-07-11,30.385714285714283
1999-07-18,28.6
1999-07-25,29.285714285714285
1999-08-01,31.11428571428572
1999-08-08,31.6
1999-08-15,27.45714285714286
1999-08-22,25.042857142857144
1999-08-29,28.542857142857144
1999-09-05,29.87142857142857
1999-09-12,29.285714285714285
1999-09-19,24.857142857142858
1999-09-26,26.47142857142857
1999-10-03,24.17142857142857
1999-10-10,22.0
1999-10-17,21.457142857142856
1999-10-24,21.014285714285712
1999-10-31,22.214285714285715
1999-11-07,20.685714285714283
1999-11-14,18.914285714285715
1999-11-21,15.600000000000001
1999-11-28,19.242857142857144
1999-12-05,17.4
1999-12-12,18.1
1999-12-19,13.528571428571428
1999-12-26,15.185714285714285
2000-01-02,14.7
2000-01-09,17.07142857142857
2000-01-16,14.514285714285714
2000-01-23,14.342857142857143
2000-01-30,14.585714285714285
2000-02-06,18.914285714285715
2000-02-13,17.457142857142856
2000-02-20,15.585714285714285
2000-02-27,16.785714285714285
2000-03-05,16.414285714285715
2000-03-12,21.02857142857143
2000-03-19,18.92857142857143
2000-03-26,18.957142857142856
2000-04-02,17.142857142857142
2000-04-09,17.65714285714286
2000-04-16,16.185714285714283
2000-04-23,20.728571428571428
2000-04-30,22.05714285714286
2000-05-07,23.15714285714286
2000-05-14,26.357142857142858
2000-05-21,24.15714285714286
2000-05-28,22.2
2000-06-04,24.214285714285715
2000-06-11,25.085714285714282
2000-06-18,29.214285714285715
2000-06-25,27.157142857142855
2000-07-02,27.085714285714285
2000-07-09,26.485714285714288
2000-07-16,24.257142857142856
2000-07-23,28.071428571428573
2000-07-30,27.942857142857143
2000-08-06,29.0
2000-08-13,29.957142857142856
2000-08-20,28.61428571428572
2000-08-27,28.314285714285717
2000-09-03,25.97142857142857
2000-09-10,26.84285714285714
2000-09-17,27.885714285714286
2000-09-24,25.42857142857143
2000-10-01,25.042857142857144
2000-10-08,22.414285714285718
2000-10-15,20.57142857142857
2000-10-22,21.457142857142856
2000-10-29,22.228571428571428
2000-11-05,18.4
2000-11-12,18.685714285714283
2000-11-19,16.1
2000-11-26,16.957142857142856
2000-12-03,20.228571428571428
2000-12-10,20.914285714285718
2000-12-17,17.57142857142857
2000-12-24,16.1
2000-12-31,11.042857142857143
2001-01-07,16.65714285714286
2001-01-14,14.457142857142857
2001-01-21,11.028571428571428
2001-01-28,16.128571428571426
2001-02-04,14.614285714285714
2001-02-11,18.02857142857143
2001-02-18,16.32857142857143
2001-02-25,14.771428571428572
2001-03-04,12.642857142857142
2001-03-11,18.714285714285715
2001-03-18,16.4
2001-03-25,16.3
2001-04-01,18.642857142857142
2001-04-08,19.84285714285714
2001-04-15,19.42857142857143
2001-04-22,16.485714285714288
2001-04-29,19.94285714285714
2001-05-06,19.642857142857142
2001-05-13,24.94285714285714
2001-05-20,22.65714285714286
2001-05-27,25.771428571428572
2001-06-03,25.7
2001-06-10,23.285714285714285
2001-06-17,25.0
2001-06-24,27.057142857142857
2001-07-01,30.67142857142857
2001-07-08,31.97142857142857
2001-07-15,26.52857142857143
2001-07-22,26.657142857142855
2001-07-29,31.642857142857142
2001-08-05,29.842857142857145
2001-08-12,27.02857142857143
2001-08-19,30.928571428571427
2001-08-26,30.5
2001-09-02,27.02857142857143
2001-09-09,25.02857142857143
2001-09-16,24.15714285714286
2001-09-23,22.8
2001-09-30,25.114285714285714
2001-10-07,25.642857142857142
2001-10-14,25.142857142857142
2001-10-21,24.47142857142857
2001-10-28,23.4
2001-11-04,20.385714285714286
2001-11-11,17.542857142857144
2001-11-18,16.942857142857143
2001-11-25,18.371428571428574
2001-12-02,17.942857142857143
2001-12-09,16.8
2001-12-16,13.757142857142856
2001-12-23,12.7
2001-12-30,13.657142857142858
2002-01-06,11.914285714285715
2002-01-13,14.628571428571428
2002-01-20,17.07142857142857
2002-01-27,19.357142857142858
2002-02-03,20.714285714285715
2002-02-10,18.785714285714285
2002-02-17,17.2
2002-02-24,16.97142857142857
2002-03-03,16.47142857142857
2002-03-10,18.6
2002-03-17,18.47142857142857
2002-03-24,20.314285714285717
2002-03-31,19.2
2002-04-07,21.92857142857143
2002-04-14,17.957142857142856
2002-04-21,20.37142857142857
2002-04-28,23.42857142857143
2002-05-05,20.042857142857144
2002-05-12,22.6
2002-05-19,25.5
2002-05-26,24.5
2002-06-02,24.55714285714286
2002-06-09,24.214285714285715
2002-06-16,25.885714285714286
2002-06-23,27.614285714285714
2002-06-30,25.2
2002-07-07,25.62857142857143
2002-07-14,26.342857142857145
2002-07-21,28.571428571428573
2002-07-28,29.11428571428572
2002-08-04,29.47142857142857
2002-08-11,28.342857142857145
2002-08-18,30.97142857142857
2002-08-25,29.485714285714288
2002-09-01,27.685714285714287
2002-09-08,27.628571428571426
2002-09-15,26.685714285714287
2002-09-22,25.65714285714286
2002-09-29,23.885714285714286
2002-10-06,25.214285714285715
2002-10-13,22.485714285714288
2002-10-20,18.957142857142856
2002-10-27,21.728571428571428
2002-11-03,21.742857142857144
2002-11-10,20.37142857142857
2002-11-17,19.94285714285714
2002-11-24,18.085714285714285
2002-12-01,18.814285714285717
2002-12-08,16.857142857142858
2002-12-15,14.442857142857143
2002-12-22,15.728571428571428
2002-12-29,20.47142857142857
2003-01-05,16.485714285714288
2003-01-12,10.842857142857143
2003-01-19,16.814285714285717
2003-01-26,17.414285714285715
2003-02-02,14.885714285714286
2003-02-09,15.057142857142857
2003-02-16,13.614285714285714
2003-02-23,14.071428571428571
2003-03-02,19.057142857142857
2003-03-09,18.642857142857142
2003-03-16,18.02857142857143
2003-03-23,18.085714285714285
2003-03-30,21.228571428571428
2003-04-06,19.685714285714283
2003-04-13,16.15714285714286
2003-04-20,24.37142857142857
2003-04-27,22.6
2003-05-04,23.02857142857143
2003-05-11,22.257142857142856
2003-05-18,21.12857142857143
2003-05-25,23.814285714285717
2003-06-01,28.17142857142857
2003-06-08,27.285714285714285
2003-06-15,28.1
2003-06-22,29.4
2003-06-29,28.414285714285715
2003-07-06,27.271428571428572
2003-07-13,30.24285714285714
2003-07-20,31.557142857142857
2003-07-27,28.985714285714288
2003-08-03,29.0
2003-08-10,35.94285714285714
2003-08-17,31.985714285714288
2003-08-24,30.142857142857142
2003-08-31,26.985714285714288
2003-09-07,27.314285714285713
2003-09-14,26.757142857142856
2003-09-21,28.8
2003-09-28,23.34285714285714
2003-10-05,23.02857142857143
2003-10-12,23.34285714285714
2003-10-19,21.67142857142857
2003-10-26,17.085714285714285
2003-11-02,18.0
2003-11-09,20.8
2003-11-16,20.42857142857143
2003-11-23,20.014285714285712
2003-11-30,17.257142857142856
2003-12-07,17.357142857142858
2003-12-14,16.714285714285715
2003-12-21,14.842857142857143
2003-12-28,16.557142857142857
2004-01-04,13.314285714285713
2004-01-11,18.557142857142857
2004-01-18,15.514285714285714
2004-01-25,16.957142857142856
2004-02-01,14.928571428571429
2004-02-08,21.142857142857142
2004-02-15,16.857142857142858
2004-02-22,14.9
2004-02-29,11.457142857142857
2004-03-07,15.228571428571428
2004-03-14,15.514285714285714
2004-03-21,21.042857142857144
2004-03-28,16.17142857142857
2004-04-04,21.3
2004-04-11,17.8
2004-04-18,20.714285714285715
2004-04-25,21.65714285714286
2004-05-02,22.014285714285712
2004-05-09,21.014285714285712
2004-05-16,24.514285714285712
2004-05-23,25.271428571428572
2004-05-30,24.914285714285718
2004-06-06,26.914285714285715
2004-06-13,29.457142857142856
2004-06-20,27.342857142857145
2004-06-27,25.585714285714282
2004-07-04,26.071428571428573
2004-07-11,25.728571428571428
2004-07-18,28.342857142857145
2004-07-25,29.02857142857143
2004-08-01,30.914285714285715
2004-08-08,32.542857142857144
2004-08-15,30.542857142857144
2004-08-22,28.3
2004-08-29,27.157142857142855
2004-09-05,28.02857142857143
2004-09-12,28.914285714285715
2004-09-19,25.257142857142856
2004-09-26,24.4
2004-10-03,25.014285714285712
2004-10-10,22.485714285714288
2004-10-17,20.985714285714288
2004-10-24,23.0
2004-10-31,21.94285714285714
2004-11-07,20.5
2004-11-14,18.07142857142857
2004-11-21,17.271428571428572
2004-11-28,19.485714285714288
2004-12-05,15.7
2004-12-12,16.07142857142857
2004-12-19,16.557142857142857
2004-12-26,15.142857142857142
2005-01-02,16.34285714285714
2005-01-09,18.142857142857142
2005-01-16,17.514285714285712
2005-01-23,16.0
2005-01-30,14.785714285714285
2005-02-06,17.17142857142857
2005-02-13,17.357142857142858
2005-02-20,14.085714285714285
2005-02-27,12.114285714285714
2005-03-06,11.771428571428572
2005-03-13,15.185714285714285
2005-03-20,21.67142857142857
2005-03-27,21.67142857142857
2005-04-03,20.885714285714286
2005-04-10,18.9
2005-04-17,18.771428571428572
2005-04-24,20.457142857142856
2005-05-01,23.542857142857144
2005-05-08,22.814285714285717
2005-05-15,19.757142857142856
2005-05-22,22.185714285714283
2005-05-29,26.52857142857143
2005-06-05,25.3
2005-06-12,24.62857142857143
2005-06-19,28.728571428571428
2005-06-26,30.842857142857145
2005-07-03,28.74285714285714
2005-07-10,26.95714285714286
2005-07-17,32.0
2005-07-24,28.82857142857143
2005-07-31,27.47142857142857
2005-08-07,27.571428571428573
2005-08-14,28.142857142857142
2005-08-21,28.885714285714283
2005-08-28,26.285714285714285
2005-09-04,31.25714285714286
2005-09-11,29.285714285714285
2005-09-18,25.55
2005-09-25,25.728571428571428
2005-10-02,23.957142857142856
2005-10-09,23.857142857142858
2005-10-16,26.0
2005-10-23,23.142857142857142
2005-10-30,25.457142857142856
2005-11-06,22.585714285714282
2005-11-13,20.414285714285718
2005-11-20,14.285714285714285
2005-11-27,13.67142857142857
2005-12-04,15.842857142857143
2005-12-11,14.142857142857142
2005-12-18,15.771428571428572
2005-12-25,15.785714285714285
2006-01-01,13.0
2006-01-08,14.600000000000001
2006-01-15,16.616666666666667
2006-01-22,17.385714285714286
2006-01-29,12.714285714285715
2006-02-05,12.733333333333333
2006-02-12,14.314285714285713
2006-02-19,17.228571428571428
2006-02-26,13.842857142857143
2006-03-05,12.371428571428572
2006-03-12,15.914285714285716
2006-03-19,14.283333333333333
2006-03-26,17.271428571428572
2006-04-02,21.4
2006-04-09,17.34285714285714
2006-04-16,19.44285714285714
2006-04-23,21.67142857142857
2006-04-30,21.5
2006-05-07,22.9
2006-05-14,25.042857142857144
2006-05-21,24.085714285714282
2006-05-28,23.485714285714288
2006-06-04,23.5
2006-06-11,29.5
2006-06-18,29.957142857142856
2006-06-25,27.82857142857143
2006-07-02,29.47142857142857
2006-07-09,31.214285714285715
2006-07-16,29.885714285714283
2006-07-23,34.785714285714285
2006-07-30,33.61428571428572
2006-08-06,29.457142857142856
2006-08-13,27.82857142857143
2006-08-20,27.714285714285715
2006-08-27,27.357142857142858
2006-09-03,27.25
2006-09-10,28.928571428571427
2006-09-17,29.5
2006-09-24,28.414285714285715
2006-10-01,26.985714285714288
2006-10-08,23.8
2006-10-15,25.6
2006-10-22,25.17142857142857
2006-10-29,23.242857142857144
2006-11-05,18.271428571428572
2006-11-12,18.049999999999997
2006-11-19,20.32857142857143
2006-11-26,19.42857142857143
2006-12-03,20.6
2006-12-10,18.25
2006-12-17,18.57142857142857
2006-12-24,11.842857142857143
2006-12-31,18.014285714285712
2007-01-07,18.12857142857143
2007-01-14,19.742857142857144
2007-01-21,19.685714285714283
2007-01-28,13.642857142857142
2007-02-04,16.714285714285715
2007-02-11,13.32857142857143
2007-02-18,17.771428571428572
2007-02-25,19.383333333333333
2007-03-04,17.97142857142857
2007-03-11,19.742857142857144
2007-03-18,19.82857142857143
2007-03-25,14.5
2007-04-01,19.71666666666667
2007-04-08,20.1
2007-04-15,24.285714285714285
2007-04-22,23.82857142857143
2007-04-29,24.985714285714288
2007-05-06,23.7
2007-05-13,23.742857142857144
2007-05-20,23.642857142857142
2007-05-27,25.5
2007-06-03,23.900000000000002
2007-06-10,27.057142857142857
2007-06-17,27.885714285714286
2007-06-24,26.985714285714284
2007-07-01,25.385714285714286
2007-07-08,26.642857142857142
2007-07-15,28.071428571428573
2007-07-22,27.8
2007-07-29,26.928571428571427
2007-08-05,27.97142857142857
2007-08-12,27.814285714285713
2007-08-19,26.6
2007-08-26,26.714285714285715
2007-09-02,26.54285714285714
2007-09-09,27.45714285714286
2007-09-16,26.15714285714286
2007-09-23,25.414285714285718
2007-09-30,22.633333333333333
2007-10-07,23.416666666666664
2007-10-14,23.65714285714286
2007-10-21,20.985714285714288
2007-10-28,20.05
2007-11-04,21.257142857142856
2007-11-11,19.585714285714282
2007-11-18,15.114285714285714
2007-11-25,16.642857142857142
2007-12-02,18.9
2007-12-09,19.4
2007-12-16,13.114285714285714
2007-12-23,12.642857142857142
2007-12-30,17.685714285714283
2008-01-06,15.583333333333332
2008-01-13,17.3
2008-01-20,19.542857142857144
2008-01-27,18.542857142857144
2008-02-03,15.5
2008-02-10,17.914285714285715
2008-02-17,14.82857142857143
2008-02-24,17.014285714285712
2008-03-02,18.042857142857144
2008-03-09,16.557142857142857
2008-03-16,18.766666666666666
2008-03-23,14.971428571428572
2008-03-30,17.242857142857144
2008-04-06,19.47142857142857
2008-04-13,16.857142857142858
2008-04-20,17.733333333333334
2008-04-27,22.857142857142858
2008-05-04,21.52857142857143
2008-05-11,28.6
2008-05-18,23.97142857142857
2008-05-25,23.8
2008-06-01,25.633333333333333
2008-06-08,25.3
2008-06-15,25.94285714285714
2008-06-22,26.057142857142857
2008-06-29,27.2
2008-07-06,27.414285714285715
2008-07-13,25.97142857142857
2008-07-20,27.642857142857142
2008-07-27,30.3
2008-08-03,30.11428571428572
2008-08-10,27.240000000000002
2008-08-17,26.7
2008-08-24,27.585714285714285
2008-08-31,28.642857142857142
2008-09-07,25.62857142857143
2008-09-14,25.62857142857143
2008-09-21,23.957142857142856
2008-09-28,24.514285714285712
2008-10-05,21.7
2008-10-12,23.3
2008-10-19,22.2
2008-10-26,20.785714285714285
2008-11-02,16.02857142857143
2008-11-09,20.05
2008-11-16,20.1
2008-11-23,17.085714285714285
2008-11-30,14.885714285714286
2008-12-07,13.842857142857143
2008-12-14,12.942857142857143
2008-12-21,16.84285714285714
2008-12-28,16.271428571428572
2009-01-04,10.471428571428572
2009-01-11,10.214285714285714
2009-01-18,16.2
2009-01-25,14.757142857142856
2009-02-01,14.057142857142857
2009-02-08,10.657142857142857
2009-02-15,13.085714285714285
2009-02-22,18.085714285714285
2009-03-01,18.75
2009-03-08,16.57142857142857
2009-03-15,18.84285714285714
2009-03-22,19.44285714285714
2009-03-29,18.228571428571428
2009-04-05,20.34285714285714
2009-04-12,21.585714285714282
2009-04-19,21.96666666666667
2009-04-26,22.92857142857143
2009-05-03,21.314285714285717
2009-05-10,22.65
2009-05-17,23.07142857142857
2009-05-24,24.32857142857143
2009-05-31,26.8
2009-06-07,25.114285714285714
2009-06-14,25.771428571428572
2009-06-21,26.6
2009-06-28,29.74285714285714
2009-07-05,32.61428571428572
2009-07-12,27.32857142857143
2009-07-19,28.085714285714285
2009-07-26,28.02857142857143
2009-08-02,27.32857142857143
2009-08-09,29.785714285714285
2009-08-16,29.65714285714285
2009-08-23,29.142857142857142
2009-08-30,27.62857142857143
2009-09-06,27.185714285714287
2009-09-13,27.02857142857143
2009-09-20,26.4
2009-09-27,25.385714285714286
2009-10-04,24.685714285714283
2009-10-11,23.42857142857143
2009-10-18,20.92857142857143
2009-10-25,22.457142857142856
2009-11-01,24.085714285714282
2009-11-08,19.414285714285718
2009-11-15,19.4
2009-11-22,22.1
2009-11-29,19.1
2009-12-06,16.742857142857144
2009-12-13,17.2
2009-12-20,11.057142857142857
2009-12-27,12.542857142857143
2010-01-03,12.314285714285713
2010-01-10,8.32857142857143
2010-01-17,12.657142857142857
2010-01-24,15.028571428571428
2010-01-31,12.657142857142857
2010-02-07,15.5
2010-02-14,12.457142857142857
2010-02-21,13.157142857142857
2010-02-28,16.314285714285717
2010-03-07,14.014285714285714
2010-03-14,15.142857142857142
2010-03-21,19.757142857142856
2010-03-28,20.185714285714283
2010-04-04,18.142857142857142
2010-04-11,20.62857142857143
2010-04-18,20.07142857142857
2010-04-25,21.042857142857144
2010-05-02,23.05714285714286
2010-05-09,19.185714285714283
2010-05-16,19.17142857142857
2010-05-23,26.314285714285713
2010-05-30,25.614285714285714
2010-06-06,27.12857142857143
2010-06-13,26.414285714285715
2010-06-20,24.785714285714285
2010-06-27,30.62857142857143
2010-07-04,31.142857142857142
2010-07-11,30.985714285714288
2010-07-18,28.5
2010-07-25,30.428571428571427
2010-08-01,29.842857142857145
2010-08-08,28.057142857142857
2010-08-15,26.87142857142857
2010-08-22,28.914285714285715
2010-08-29,26.4
2010-09-05,25.957142857142856
2010-09-12,27.45714285714286
2010-09-19,24.214285714285715
2010-09-26,24.4
2010-10-03,23.97142857142857
2010-10-10,25.542857142857144
2010-10-17,21.4
2010-10-24,18.257142857142856
2010-10-31,20.957142857142856
2010-11-07,22.414285714285718
2010-11-14,18.014285714285712
2010-11-21,15.600000000000001
2010-11-28,12.085714285714285
2010-12-05,10.285714285714286
2010-12-12,11.785714285714286
2010-12-19,10.428571428571429
2010-12-26,9.114285714285714
2011-01-02,14.857142857142858
2011-01-09,14.285714285714285
2011-01-16,18.942857142857143
2011-01-23,14.285714285714285
2011-01-30,13.571428571428573
2011-02-06,17.17142857142857
2011-02-13,18.228571428571428
2011-02-20,16.15714285714286
2011-02-27,18.114285714285714
2011-03-06,14.2
2011-03-13,17.742857142857144
2011-03-20,17.242857142857144
2011-03-27,20.742857142857144
2011-04-03,21.97142857142857
2011-04-10,23.642857142857142
2011-04-17,22.142857142857142
2011-04-24,27.45714285714286
2011-05-01,24.1
2011-05-08,24.757142857142856
2011-05-15,23.457142857142856
2011-05-22,25.114285714285714
2011-05-29,24.1
2011-06-05,26.62857142857143
2011-06-12,22.957142857142856
2011-06-19,25.3
2011-06-26,26.8
2011-07-03,27.928571428571427
2011-07-10,27.785714285714285
2011-07-17,27.314285714285713
2011-07-24,25.87142857142857
2011-07-31,27.9
2011-08-07,30.27142857142857
2011-08-14,28.1
2011-08-21,26.914285714285715
2011-08-28,26.228571428571428
2011-09-04,26.857142857142858
2011-09-11,27.17142857142857
2011-09-18,25.728571428571428
2011-09-25,25.357142857142858
2011-10-02,29.642857142857142
2011-10-09,25.9
2011-10-16,24.92857142857143
2011-10-23,20.47142857142857
2011-10-30,23.142857142857142
2011-11-06,23.214285714285715
2011-11-13,21.87142857142857
2011-11-20,19.0
2011-11-27,19.57142857142857
2011-12-04,18.1
2011-12-11,15.557142857142857
2011-12-18,14.714285714285715
2011-12-25,17.52857142857143
2012-01-01,19.714285714285715
2012-01-08,18.014285714285712
2012-01-15,16.685714285714283
2012-01-22,16.87142857142857
2012-01-29,15.557142857142857
2012-02-05,9.914285714285715
2012-02-12,10.114285714285714
2012-02-19,16.514285714285712
2012-02-26,18.9
2012-03-04,19.357142857142858
2012-03-11,18.32857142857143
2012-03-18,18.200000000000003
2012-03-25,21.2
2012-04-01,21.314285714285717
2012-04-08,18.3
2012-04-15,18.628571428571426
2012-04-22,18.8
2012-04-29,20.2
2012-05-06,20.514285714285712
2012-05-13,22.271428571428572
2012-05-20,20.814285714285717
2012-05-27,29.4
2012-06-03,27.12857142857143
2012-06-10,23.57142857142857
2012-06-17,24.228571428571428
2012-06-24,25.914285714285718
2012-07-01,28.414285714285715
2012-07-08,27.157142857142855
2012-07-15,25.771428571428572
2012-07-22,26.87142857142857
2012-07-29,30.071428571428573
2012-08-05,27.271428571428572
2012-08-12,29.228571428571428
2012-08-19,31.7
2012-08-26,28.5
2012-09-02,26.4
2012-09-09,27.957142857142856
2012-09-16,25.714285714285715
2012-09-23,23.3
2012-09-30,23.085714285714282
2012-10-07,22.57142857142857
2012-10-14,20.685714285714283
2012-10-21,21.885714285714286
2012-10-28,20.34285714285714
2012-11-04,17.771428571428572
2012-11-11,17.57142857142857
2012-11-18,18.92857142857143
2012-11-25,18.957142857142856
2012-12-02,14.957142857142857
2012-12-09,13.62857142857143
2012-12-16,13.62857142857143
2012-12-23,17.785714285714285
2012-12-30,18.514285714285712
2013-01-06,17.97142857142857
2013-01-13,15.214285714285715
2013-01-20,9.785714285714286
2013-01-27,12.357142857142858
2013-02-03,17.057142857142857
2013-02-10,14.085714285714285
2013-02-17,14.67142857142857
2013-02-24,12.67142857142857
2013-03-03,13.971428571428572
2013-03-10,17.25714285714286
2013-03-17,13.771428571428572
2013-03-24,13.285714285714285
2013-03-31,12.014285714285714
2013-04-07,13.985714285714284
2013-04-14,19.257142857142856
2013-04-21,21.285714285714285
2013-04-28,21.47142857142857
2013-05-05,21.357142857142858
2013-05-12,23.271428571428572
2013-05-19,21.32857142857143
2013-05-26,21.5
2013-06-02,22.957142857142856
2013-06-09,24.4
2013-06-16,24.62857142857143
2013-06-23,27.728571428571428
2013-06-30,26.82857142857143
2013-07-07,28.87142857142857
2013-07-14,30.571428571428573
2013-07-21,33.27142857142857
2013-07-28,32.24285714285714
2013-08-04,31.0
2013-08-11,29.12857142857143
2013-08-18,28.442857142857143
2013-08-25,29.25714285714286
2013-09-01,28.557142857142857
2013-09-08,28.1
2013-09-15,23.7
2013-09-22,23.485714285714288
2013-09-29,26.185714285714287
2013-10-06,26.357142857142858
2013-10-13,22.87142857142857
2013-10-20,22.94285714285714
2013-10-27,25.042857142857144
2013-11-03,21.357142857142858
2013-11-10,18.757142857142856
2013-11-17,17.114285714285714
2013-11-24,15.485714285714286
2013-12-01,16.714285714285715
2013-12-08,16.557142857142857
2013-12-15,16.62857142857143
2013-12-22,17.914285714285715
2013-12-29,16.628571428571426
2014-01-05,17.728571428571428
2014-01-12,17.685714285714283
2014-01-19,17.185714285714287
2014-01-26,16.02857142857143
2014-02-02,15.771428571428572
2014-02-09,17.242857142857144
2014-02-16,16.614285714285714
2014-02-23,18.42857142857143
2014-03-02,17.585714285714285
2014-03-09,19.042857142857144
2014-03-16,20.314285714285717
2014-03-23,19.514285714285712
2014-03-30,18.67142857142857
2014-04-06,23.142857142857142
2014-04-13,21.542857142857144
2014-04-20,20.02857142857143
2014-04-27,22.12857142857143
2014-05-04,21.642857142857142
2014-05-11,23.62857142857143
2014-05-18,25.05714285714286
2014-05-25,25.514285714285712
2014-06-01,23.8
2014-06-08,26.314285714285713
2014-06-15,28.314285714285717
2014-06-22,27.514285714285712
2014-06-29,27.514285714285716
2014-07-06,28.37142857142857
2014-07-13,28.142857142857142
2014-07-20,32.14285714285714
2014-07-27,32.37142857142857
2014-08-03,29.942857142857143
2014-08-10,29.6
2014-08-17,27.099999999999998
2014-08-24,24.32857142857143
2014-08-31,26.842857142857145
2014-09-07,27.82857142857143
2014-09-14,26.571428571428573
2014-09-21,28.314285714285717
2014-09-28,25.814285714285717
2014-10-05,26.342857142857145
2014-10-12,22.47142857142857
2014-10-19,25.185714285714283
2014-10-26,23.242857142857144
2014-11-02,25.314285714285717
2014-11-09,18.985714285714288
2014-11-16,20.885714285714286
2014-11-23,19.357142857142858
2014-11-30,18.07142857142857
2014-12-07,15.714285714285715
2014-12-14,15.628571428571428
2014-12-21,18.128571428571426
2014-12-28,16.92857142857143
2015-01-04,13.957142857142857
2015-01-11,18.242857142857144
2015-01-18,15.757142857142856
2015-01-25,11.557142857142857
2015-02-01,14.785714285714285
2015-02-08,12.371428571428572
2015-02-15,15.7
2015-02-22,15.157142857142858
2015-03-01,17.257142857142856
2015-03-08,17.685714285714283
2015-03-15,17.642857142857142
2015-03-22,17.200000000000003
2015-03-29,18.17142857142857
2015-04-05,19.3
2015-04-12,21.585714285714282
2015-04-19,22.44285714285714
2015-04-26,21.8
2015-05-03,20.44285714285714
2015-05-10,23.642857142857142
2015-05-17,23.242857142857144
2015-05-24,23.014285714285712
2015-05-31,23.414285714285718
2015-06-07,25.357142857142858
2015-06-14,25.52857142857143
2015-06-21,27.271428571428572
2015-06-28,27.942857142857143
2015-07-05,32.1
2015-07-12,28.77142857142857
2015-07-19,29.385714285714283
2015-07-26,27.628571428571426
2015-08-02,26.342857142857145
2015-08-09,29.2
2015-08-16,28.27142857142857
2015-08-23,29.228571428571428
2015-08-30,26.557142857142857
2015-09-06,23.985714285714288
2015-09-13,25.757142857142856
2015-09-20,24.785714285714285
2015-09-27,23.357142857142858
2015-10-04,23.685714285714283
2015-10-11,23.57142857142857
2015-10-18,21.357142857142858
2015-10-25,21.685714285714283
2015-11-01,22.82857142857143
2015-11-08,23.07142857142857
2015-11-15,22.65714285714286
2015-11-22,19.55714285714286
2015-11-29,17.685714285714283
2015-12-06,21.55714285714286
2015-12-13,20.1
2015-12-20,22.257142857142856
2015-12-27,21.385714285714286
2016-01-03,19.042857142857144
2016-01-10,17.3
2016-01-17,13.785714285714285
2016-01-24,14.842857142857143
2016-01-31,18.942857142857143
2016-02-07,18.957142857142856
2016-02-14,14.942857142857143
2016-02-21,15.7
2016-02-28,14.971428571428572
2016-03-06,15.228571428571428
2016-03-13,15.814285714285715
2016-03-20,16.8
2016-03-27,18.92857142857143
2016-04-03,19.128571428571426
2016-04-10,19.2
2016-04-17,20.257142857142856
2016-04-24,19.32857142857143
2016-05-01,17.67142857142857
2016-05-08,24.614285714285714
2016-05-15,25.37142857142857
2016-05-22,24.271428571428572
2016-05-29,24.228571428571428
2016-06-05,23.685714285714283
2016-06-12,28.814285714285717
2016-06-19,25.9
2016-06-26,27.642857142857142
2016-07-03,26.228571428571428
2016-07-10,28.342857142857145
2016-07-17,28.214285714285715
2016-07-24,32.35714285714286
2016-07-31,29.228571428571428
2016-08-07,29.228571428571428
2016-08-14,28.52857142857143
2016-08-21,29.01428571428572
2016-08-28,32.042857142857144
2016-09-04,28.514285714285712
2016-09-11,29.24285714285714
2016-09-18,29.6
2016-09-25,26.900000000000002
2016-10-02,25.02857142857143
2016-10-09,23.37142857142857
2016-10-16,21.84285714285714
2016-10-23,21.214285714285715
2016-10-30,22.242857142857144
2016-11-06,17.985714285714288
2016-11-13,16.285714285714285
2016-11-20,18.857142857142858
2016-11-27,17.9
2016-12-04,14.228571428571428
2016-12-11,18.857142857142858
2016-12-18,18.07142857142857
2016-12-25,17.557142857142857
2017-01-01,14.242857142857144
2017-01-08,14.028571428571428
2017-01-15,15.657142857142858
2017-01-22,12.5
2017-01-29,12.885714285714286
2017-02-05,17.52857142857143
2017-02-12,13.271428571428572
2017-02-19,18.271428571428572
2017-02-26,20.2
2017-03-05,17.6
2017-03-12,20.15714285714286
2017-03-19,20.914285714285718
2017-03-26,19.585714285714282
2017-04-02,22.87142857142857
2017-04-09,22.242857142857144
2017-04-16,21.185714285714283
2017-04-23,20.728571428571428
2017-04-30,19.02857142857143
2017-05-07,22.042857142857144
2017-05-14,23.65714285714286
2017-05-21,24.74285714285714
2017-05-28,28.87142857142857
2017-06-04,27.7
2017-06-11,26.514285714285716
2017-06-18,29.9
2017-06-25,32.37142857142857
2017-07-02,27.67142857142857
2017-07-09,32.17142857142857
2017-07-16,28.942857142857143
2017-07-23,28.957142857142856
2017-07-30,27.814285714285713
2017-08-06,27.728571428571428
2017-08-13,26.8
2017-08-20,27.785714285714285
2017-08-27,28.7
2017-09-03,26.8
2017-09-10,25.97142857142857
2017-09-17,23.67142857142857
2017-09-24,24.285714285714285
2017-10-01,26.428571428571427
2017-10-08,23.771428571428572
2017-10-15,24.985714285714288
2017-10-22,23.957142857142856
2017-10-29,23.15714285714286
2017-11-05,19.185714285714283
2017-11-12,18.02857142857143
2017-11-19,17.685714285714283
2017-11-26,18.6
2017-12-03,14.7
2017-12-10,15.957142857142857
2017-12-17,13.32857142857143
2017-12-24,17.485714285714288
2017-12-31,16.6
2018-01-07,16.628571428571426
2018-01-14,16.02857142857143
2018-01-21,15.785714285714285
2018-01-28,18.271428571428572
2018-02-04,15.67142857142857
2018-02-11,13.257142857142856
2018-02-18,14.814285714285715
2018-02-25,14.542857142857143
2018-03-04,10.214285714285714
2018-03-11,17.9
2018-03-18,16.65714285714286
2018-03-25,16.742857142857144
2018-04-01,17.285714285714285
2018-04-08,20.014285714285712
2018-04-15,20.414285714285718
2018-04-22,26.87142857142857
2018-04-29,20.714285714285715
2018-05-06,22.37142857142857
2018-05-13,25.114285714285714
2018-05-20,24.242857142857144
2018-05-27,27.228571428571428
2018-06-03,28.67142857142857
2018-06-10,27.271428571428572
2018-06-17,27.34285714285714
2018-06-24,28.74285714285714
2018-07-01,31.457142857142856
2018-07-08,33.22857142857143
2018-07-15,31.15714285714285
2018-07-22,31.75714285714286
2018-07-29,33.471428571428575
2018-08-05,32.285714285714285
2018-08-12,29.557142857142857
2018-08-19,29.87142857142857
2018-08-26,28.442857142857143
2018-09-02,27.2
2018-09-09,26.95714285714286
2018-09-16,26.5
2018-09-23,26.914285714285715
2018-09-30,22.714285714285715
2018-10-07,23.514285714285712
2018-10-14,26.15714285714286
2018-10-21,23.31428571428571
2018-10-28,19.6
2018-11-04,17.57142857142857
2018-11-11,21.15714285714286
2018-11-18,20.742857142857144
2018-11-25,15.628571428571428
2018-12-02,19.514285714285712
2018-12-09,19.914285714285718
2018-12-16,14.7
2018-12-23,18.885714285714286
2018-12-30,16.957142857142856
2019-01-06,15.885714285714286
2019-01-13,16.885714285714286
2019-01-20,14.82857142857143
2019-01-27,13.985714285714284
2019-02-03,11.771428571428572
2019-02-10,17.514285714285712
2019-02-17,17.57142857142857
2019-02-24,19.685714285714283
2019-03-03,20.42857142857143
2019-03-10,18.385714285714286
2019-03-17,19.114285714285714
2019-03-24,19.84285714285714
2019-03-31,20.1
2019-04-07,17.857142857142858
2019-04-14,17.47142857142857
2019-04-21,24.014285714285712
2019-04-28,23.4
2019-05-05,20.82857142857143
2019-05-12,21.185714285714283
2019-05-19,22.8
2019-05-26,26.885714285714286
2019-06-02,26.87142857142857
2019-06-09,25.185714285714283
2019-06-16,24.42857142857143
2019-06-23,26.657142857142855
2019-06-30,30.385714285714283
2019-07-07,28.77142857142857
2019-07-14,30.1
2019-07-21,28.942857142857143
2019-07-28,33.17142857142857
2019-08-04,30.085714285714285
2019-08-11,30.042857142857144
2019-08-18,27.47142857142857
2019-08-25,29.542857142857144
2019-09-01,30.571428571428573
2019-09-08,25.62857142857143
2019-09-15,27.02857142857143
2019-09-22,26.75714285714286
2019-09-29,27.157142857142855
2019-10-06,23.114285714285714
2019-10-13,23.97142857142857
2019-10-20,22.214285714285715
2019-10-27,21.12857142857143
2019-11-03,19.62857142857143
2019-11-10,17.042857142857144
2019-11-17,16.385714285714286
2019-11-24,16.042857142857144
2019-12-01,17.785714285714285
2019-12-08,16.6
2019-12-15,16.514285714285712
2019-12-22,17.885714285714286
2019-12-29,17.67142857142857
2020-01-05,17.085714285714285
2020-01-12,19.271428571428572
2020-01-19,17.514285714285712
2020-01-26,15.728571428571428
2020-02-02,18.814285714285717
2020-02-09,17.783333333333335
2020-02-16,18.314285714285717
2020-02-23,18.957142857142856
2020-03-01,17.1
2020-03-08,16.985714285714288
2020-03-15,19.583333333333336
2020-03-22,18.47142857142857
2020-03-29,17.5
2020-04-05,18.75714285714286
2020-04-12,25.614285714285714
2020-04-19,20.97142857142857
2020-04-26,23.485714285714288
2020-05-03,21.02857142857143
2020-05-10,24.95
2020-05-17,20.785714285714285
2020-05-24,28.4
2020-05-31,28.385714285714283
2020-06-07,25.383333333333333
2020-06-14,26.271428571428572
2020-06-21,27.95714285714286
2020-06-28,31.25714285714286
2020-07-05,27.728571428571428
2020-07-12,26.62857142857143
2020-07-19,29.53333333333333
2020-07-26,28.885714285714283
2020-08-02,30.2
2020-08-09,32.957142857142856
2020-08-16,33.4
2020-08-23,29.885714285714283
2020-08-30,26.857142857142858
2020-09-06,25.385714285714286
2020-09-13,27.314285714285713
2020-09-20,29.6
2020-09-27,24.47142857142857
2020-10-04,23.42857142857143
2020-10-11,22.0
2020-10-18,20.4
2020-10-25,23.2
2020-11-01,22.12857142857143
2020-11-08,19.44285714285714
2020-11-15,21.84285714285714
2020-11-22,20.257142857142856
2020-11-29,17.442857142857143
2020-12-06,15.257142857142856
2020-12-13,15.257142857142856
2020-12-20,19.614285714285714
2020-12-27,17.757142857142856
2021-01-03,11.4
